time,serial,apk,package,status
2026-08-30 10:04:00,988a5745584f554c4230,ig_idx1300,com.instagram.andrqgd,OK
2026-08-30 10:04:49,988a98454b3949444a30,ig_idx1301,com.instagram.andrqge,OK
2026-08-30 10:05:41,988a9b39585859325730,ig_idx1302,com.instagram.andrqgf,OK
2026-08-30 10:06:27,988ad045575a36335630,ig_idx1303,com.instagram.andrqgg,OK
2026-08-30 10:07:19,988e5041444a4d394130,ig_idx1304,com.instagram.andrqgh,OK
2026-08-30 10:08:07,ce061716933a145d0c7e,ig_idx1305,com.instagram.andrqgi,OK
2026-08-30 10:08:57,ce061716a087d015027e,ig_idx1306,com.instagram.andrqgj,OK
2026-08-30 10:09:47,ce061716b95d7cdc0d7e,ig_idx1307,com.instagram.andrqgk,OK
2026-08-30 10:10:32,ce0717173341870e017e,ig_idx1308,com.instagram.andrqgl,OK
2026-08-30 10:11:18,ce071717828b141e0b7e,ig_idx1309,com.instagram.andrqgm,OK
2026-08-30 10:12:09,ce071717bbf54608047e,ig_idx1310,com.instagram.andrqgn,OK
2026-08-30 10:13:00,ce071717f9707932047e,ig_idx1311,com.instagram.andrqgo,OK
2026-08-30 10:13:45,ce071717fbcb04bf0b7e,ig_idx1312,com.instagram.andrqgp,OK
2026-08-30 10:14:33,ce0817183b97406f0d7e,ig_idx1313,com.instagram.andrqgq,OK
2026-08-30 10:15:25,ce081718635fb410037e,ig_idx1314,com.instagram.andrqgr,OK
2026-08-30 10:16:08,ce08171869d7d13f047e,ig_idx1315,com.instagram.andrqgs,OK
2026-08-30 10:17:00,ce081718986d009d0c7e,ig_idx1316,com.instagram.andrqgt,OK
2026-08-30 10:17:47,ce081718a0a5710f057e,ig_idx1317,com.instagram.andrqgu,OK
2026-08-30 10:18:36,ce081718e3da6a3b027e,ig_idx1318,com.instagram.andrqgv,OK
2026-08-30 10:19:22,ce0917192db75626047e,ig_idx1319,com.instagram.andrqgw,OK
